Temperature,Humidity,WindSpeed,Pressure,Rainfall,DateTime,Latitude,Longitude,PM2.5
29.4901424590337,72.29586206658007,4.749322879524718,1005.2643685523515,0.5231492215533926,2023-01-01 00:00:00,6.614418371149702,0.32176693218213703,-269.81
27.585207096486446,68.53891523344559,5.220070529649984,1007.1419298074468,0.07088723124360169,2023-01-01 01:00:00,9.132038665140334,-0.38128457567995433,-266.47
29.94306561430208,57.80483629489231,6.809763449762535,1018.0020695397221,4.234388712428732,2023-01-01 02:00:00,9.809066532286634,0.3115131225047998,-269.86
32.569089569224076,89.32576243964898,3.774596493519146,1008.715528605143,1.8403641133614461,2023-01-01 03:00:00,5.680490790417917,-3.305309916561672,-271.12
27.29753987582999,70.28874096784436,5.553009963309352,1006.7654450865903,1.0242815184880067,2023-01-01 04:00:00,6.911116553025474,0.6855981391532611,-261.93
27.29758912915246,51.86133958679972,4.409991781508959,1014.6832637626364,6.91025180796463,2023-01-01 05:00:00,10.362611278869476,-0.4023689998184832,-261.69
32.737638446522176,45.089123631020186,5.043117234402226,1017.928520773315,0.37036627049359594,2023-01-01 06:00:00,9.743507878015805,-0.6830232464367993,-262.92
30.302304187458727,47.642956959216605,6.917677793910948,1015.5947665533254,9.365167644422923,2023-01-01 07:00:00,10.901579617956093,-0.37692975942734197,-260.41
26.591576842195146,52.29788641922541,5.286648602029855,1016.9802384290291,1.1304874064715789,2023-01-01 08:00:00,9.402613687933524,0.8221662343418208,-273.26
29.627680130757895,48.03406866297779,5.069654822234223,1008.2160245571527,6.578601406704324,2023-01-01 09:00:00,7.0557688066814945,-0.5653174672054648,-258.39
26.609746921562614,49.32835120256529,2.960215788530121,1004.8909466662908,2.771025362054317,2023-01-01 10:00:00,8.339145920965144,-0.5952481005591035,-261.44
26.60281073928923,54.254758434692356,6.119380349040831,1019.5066682597775,5.258320654129152,2023-01-01 11:00:00,8.796592652607583,1.453395785328829,-278.0
28.725886814698104,48.66867976473774,5.968226271711613,1010.3866008057893,12.407968788000847,2023-01-01 12:00:00,5.0099628060613055,0.28365083534283997,-269.31
22.260159266026605,84.83827123132126,8.24488208495819,1010.7458349177248,1.020740894695835,2023-01-01 13:00:00,8.039230234175124,-1.2885309727443235,-281.02
22.8252465024609,44.01168728308211,4.538332647570499,1018.6409707092453,9.743020997878965,2023-01-01 14:00:00,9.110585385071962,0.03698500016463857,-270.67
26.313137412277083,66.22556947851274,5.328725491495908,1014.7811500470033,1.4803419890748657,2023-01-01 15:00:00,5.587588476006893,-1.5538476415410576,-278.02
24.961506638996728,60.51984134948307,5.374075525566133,1014.279438860408,1.4608971696298805,2023-01-01 16:00:00,9.574106163266121,-2.355622687582505,-268.65
28.94274199778582,89.11893084543033,7.366179919645211,1022.8250117245054,1.2483064128914387,2023-01-01 17:00:00,8.294523073341725,-0.515740615561203,-278.91
25.27592777343637,45.60194510840262,4.857056701419572,1008.7824088480993,2.338780490681641,2023-01-01 18:00:00,10.689441607034365,1.1409104905697571,-264.18
23.763088895994127,59.892779952287086,5.418532288655509,1016.6392006404062,0.5022221397356598,2023-01-01 19:00:00,4.775744938344796,1.1456976000773134,-275.57
32.39694630676466,88.47352166376845,5.911844764574809,1012.2850656244855,2.420368926874702,2023-01-01 20:00:00,6.2246198941105355,-1.7904736094725484,-269.85
27.322671098540393,83.27535629469901,5.279913684734537,1013.3429613943163,2.340725364268538,2023-01-01 21:00:00,8.410100215448857,-0.8616126688915253,-269.48
28.20258461406377,80.85360354746399,4.330349578174207,1019.6423421320627,4.305216414919487,2023-01-01 22:00:00,6.42763942933855,-2.4418205071506938,-281.35
23.72575544135963,52.895141352246995,5.291134989347461,1014.5391787814481,5.38098314312536,2023-01-01 23:00:00,9.143757066463074,1.478155547494417,-272.5
26.36685182642445,48.54437936950329,6.610447624789658,1014.6914803952482,1.7418207946351965,2023-01-02 00:00:00,9.433534336392551,1.4055895393396787,-261.66
28.3327677691296,73.43216099622154,3.4602270508834096,1017.362536686549,1.0800411744868401,2023-01-02 01:00:00,5.166353766432084,-0.2524553514627632,-276.85
24.54701926773309,86.46879945637929,5.199454511220314,1010.1752363522855,0.9006201271264119,2023-01-02 02:00:00,7.84005401734399,0.5220702983873666,-280.76
29.127094055037016,67.83814465069649,3.94981877759124,1007.8039516633049,0.6493374813303656,2023-01-02 03:00:00,7.807788611341863,0.07550080641849988,-265.24
26.198083930243584,68.580634473495,6.792569943387264,1006.7759540298948,0.1781278734251424,2023-01-02 04:00:00,6.900325006401017,-0.534208904802659,-279.01
27.124918750620168,53.998954683014205,2.715219642824338,1002.16821705312,1.2576941952509693,2023-01-02 05:00:00,10.56401160670287,-3.2332600150555115,-257.58
26.194880163311808,78.47464665959684,4.161617229092617,1022.2810356497016,0.9451503201155069,2023-01-02 06:00:00,9.878791079175937,-1.2261782872366949,-279.45
33.55683455352681,49.35218742787617,5.565817812596781,1006.4839581713916,10.181240347288982,2023-01-02 07:00:00,9.031860982412638,-0.12606848916294755,-260.59
27.9595083257862,56.18396182021218,7.348286043851511,1010.8937318820712,2.4473605489623464,2023-01-02 08:00:00,9.143123132277484,-0.11234193058157693,-264.9
24.8268672131323,61.271821930820835,4.901374608390518,1010.6159335005553,1.2798074865513025,2023-01-02 09:00:00,7.501154934785275,-1.6343869078880822,-270.34
30.467634736309567,65.38051893422275,4.167200709960202,1013.5370334890455,2.6058435708677177,2023-01-02 10:00:00,10.486464387127743,1.208459933290153,-277.52
24.337469050086934,52.12048662075401,7.821735604160885,1016.0786860626965,0.4496677725064343,2023-01-02 11:00:00,9.014870277146354,-2.6632148388160948,-259.12
28.626590785014265,45.74184123696018,2.827979149375634,1016.3023674417988,1.7611970203287088,2023-01-02 12:00:00,9.238376900762807,-0.9982027689221971,-263.73
22.120989628360675,70.53100212208163,1.701791065069877,1009.0846128071553,2.952378617346034,2023-01-02 13:00:00,10.100990874617743,-0.045580117245886065,-275.6
24.015441853304708,54.43152766201279,5.6600216750799985,1011.164391431068,2.013557312938425,2023-01-02 14:00:00,6.281465330724242,-0.014320970540953937,-263.16
28.590583707607372,69.06191107113061,4.246918663471083,1013.4128997524415,1.5413840845672562,2023-01-02 15:00:00,9.74596087513357,-0.25680521615592244,-276.64
30.215399739986232,47.718135763710116,3.46815077430393,1010.7565443690822,15.27312379182738,2023-01-02 16:00:00,5.769063919217198,-2.123558932740699,-261.75
28.51410484356991,64.05700509274087,6.06253467094903,1020.0367278801,6.368670000740391,2023-01-02 17:00:00,6.744722689591772,-2.7189671565668903,-272.8
27.65305515283528,66.62947162757929,5.365701070656798,1014.4548747581913,2.9297624514204235,2023-01-02 18:00:00,6.6814679527539775,-0.3202983658664458,-267.0
27.096688913232132,42.591176841121346,4.1538820538949075,1015.674388930249,2.5275693611434105,2023-01-02 19:00:00,10.860415544529413,-0.5034894193028112,-273.71
23.56443402889772,56.83021390969603,3.0795434019936585,1015.314406343337,2.9079709299598626,2023-01-02 20:00:00,10.067491954361525,-2.6032199485537952,-272.7
25.840467374815873,46.72073384694871,6.308685992420217,1017.8673692874266,0.6743550977573551,2023-01-02 21:00:00,9.057604100336688,0.02569572785281693,-267.74
26.618083687120638,43.168748523638385,5.975301766937991,1012.9051077935185,1.5082635650705907,2023-01-02 22:00:00,9.225868950500036,-1.2241400413317178,-259.4
31.171366678656746,89.49801161949726,4.851236204330926,1005.5158402602208,0.12077749909728064,2023-01-02 23:00:00,8.153473163616713,-0.16119704198423523,-272.28
29.030854868705383,56.11769224873615,7.769955494071499,1013.9984397587632,1.9361928871307388,2023-01-03 00:00:00,10.656089336205374,0.6868353988507536,-267.69
22.7108795339118,80.49372229273175,3.394872850510771,1008.7432155310408,2.349377051258924,2023-01-03 01:00:00,7.72568189373535,-2.651357857115384,-283.65
28.972251908184386,52.732032738188195,2.711712243612892,1009.3569165912512,0.7753398163768371,2023-01-03 02:00:00,6.973365114154314,-3.4042756600158164,-264.8
26.84475315875105,74.07513611119646,3.9621378951781336,1014.9318200937755,9.97511391569933,2023-01-03 03:00:00,5.559729690055342,0.3955129319789341,-281.73
25.969233999082125,78.01139299448432,4.931620975466753,1018.1914153571681,7.2057120521959295,2023-01-03 04:00:00,9.610336739696876,-0.4515128742369203,-275.16
29.835028866522602,69.78193703039221,5.3650091739840375,1012.1063578836803,3.841948600571385,2023-01-03 05:00:00,9.273885558491344,-0.001802151889391368,-272.07
31.092998567487854,63.57880942750792,4.638145913215505,1013.5441650629948,2.2867627891977973,2023-01-03 06:00:00,6.998307750406877,0.6907748749432123,-281.83
30.793840357348596,60.592045707363425,5.528083094771445,1020.5110747231762,6.1199508695478615,2023-01-03 07:00:00,4.663757190734991,0.5140546741225025,-270.54
25.482347430332084,57.44341332714977,3.122690863714334,1013.2037658974428,0.4200365072286928,2023-01-03 08:00:00,9.95348263016707,1.304600734644123,-274.96
27.072362872446355,86.4764572123913,7.165646906109889,1025.008415570902,4.689234874284704,2023-01-03 09:00:00,4.574216892451479,-0.8203246057394091,-290.23
28.99379029421069,81.53097038938645,4.876773232411146,1014.8275482281578,0.39997988865607154,2023-01-03 10:00:00,9.074048567588832,-1.0575218367004733,-282.21
30.926635381367078,88.25134553332563,6.675943747382192,1003.1961862042209,4.742706801522505,2023-01-03 11:00:00,10.80667121321937,-1.4905640005463496,-272.91
26.56247728646413,46.21486117427724,5.5140880195665565,1015.7667081055226,0.9679286993740279,2023-01-03 12:00:00,7.344798632963323,-2.7315447857789774,-257.21
27.44302307000855,76.54337376018222,5.685129828730676,1013.9057919244138,6.2889228778513475,2023-01-03 13:00:00,6.027327132473693,-0.6369638355898877,-274.12
24.680995077981915,86.91702284105189,5.8546509203483055,1018.4487637704137,8.649466639050491,2023-01-03 14:00:00,9.08166156528198,-2.114937378370106,-286.81
24.411380127757987,49.061653308283006,5.671562840025972,1015.3659067563498,0.4833102756438287,2023-01-03 15:00:00,9.811332923101304,1.1065375610648776,-264.12
30.437577467182592,43.32481336833887,5.964084139801316,1011.3077200800811,1.8634598383773497,2023-01-03 16:00:00,8.051797054506007,-0.5840459786145122,-260.46
32.06872008571247,77.05603246450295,6.993728795198647,1005.8785088185532,11.887956639428914,2023-01-03 17:00:00,10.785729289164951,-0.5357990974594493,-273.59
27.783969635258998,68.7236556589956,5.294781754552205,1010.9548837135699,1.9815023774621434,2023-01-03 18:00:00,4.835846690776747,-1.7253766956149499,-276.54
31.010598693676073,82.0914388379136,6.063505636382768,1007.7473977289535,5.975336625795638,2023-01-03 19:00:00,7.781171388979432,-3.240053240111463,-281.67
29.084908075142902,46.988618831314476,4.86539645856916,1009.0973827509764,2.66552714077275,2023-01-03 20:00:00,9.169950657596576,-3.341281173135057,-262.82
26.06464073618463,79.76336559299452,7.160175823174209,1014.942892022103,1.4115948638410925,2023-01-03 21:00:00,10.107163062469663,-1.3833242792340124,-275.73
29.084186816525243,50.08136600238723,3.9854115469110956,1020.3495225217571,1.0097076571802277,2023-01-03 22:00:00,5.665161477400636,-3.0771731095138106,-266.16
32.61410969939791,48.18279714328523,7.701410649366224,1013.9733576491149,0.6815416587251591,2023-01-03 23:00:00,9.700022631463929,-0.4657652222993045,-259.97
27.892521882670145,48.21328989654965,4.939763074033485,1006.0205846898241,4.303911087650866,2023-01-04 00:00:00,8.092595992170544,0.9048650281982873,-266.4
32.69393096744202,80.72873601156911,2.8538373468229277,1014.2230133411007,1.4659231284071277,2023-01-04 01:00:00,7.077598932934761,0.9145740825936111,-270.94
20.140764687730766,73.25986103481,5.192156622366184,1017.9831574332283,2.1478687968421863,2023-01-04 02:00:00,5.356147685764109,-0.20477294933883794,-287.49
30.465707513125672,66.15327123845597,3.9784225137876787,1008.9510854784031,2.033744236226727,2023-01-04 03:00:00,10.12442243290793,-2.443840842635345,-263.91
28.261141204714512,57.941524206175124,6.260965323483086,1011.3299141666354,2.5831288835206503,2023-01-04 04:00:00,5.52227585316815,0.8149841567943605,-270.74
27.102977948602398,83.86002704065541,4.021064031046413,1012.073440973646,6.0202944537394405,2023-01-04 05:00:00,6.513621084859145,0.930467176566041,-283.04
28.275282329606508,59.62225537113177,4.33072485017783,1008.0755084345888,11.849072374007047,2023-01-04 06:00:00,6.38529595775584,-2.5167320752352067,-275.76
22.037293256197323,80.82997197357886,2.1656889035817035,1015.2414021692193,1.5706396207460007,2023-01-04 07:00:00,10.164191222240554,0.18713042885338638,-285.8
27.340984336487463,61.95674542851092,4.321540521126385,1011.3952592569611,5.272403225692059,2023-01-04 08:00:00,8.872569462357838,-2.067402255364385,-264.91
29.07133771453524,58.847221471245376,1.3641810100565648,1014.0976622195351,4.338487189507759,2023-01-04 09:00:00,9.678429081743921,0.5132015617646486,-266.98
32.43368213422455,63.13398928348032,2.624145764771415,1007.5625391109895,2.5566323875339885,2023-01-04 10:00:00,6.128041342151244,1.4861894995180132,-260.62
26.44518934517906,55.068893708207106,6.1406219842164464,1009.8127084983829,9.373912995593805,2023-01-04 11:00:00,8.561681647445493,-3.349869973353036,-264.39
25.574519191320437,77.38046900881255,6.178700237976249,1015.6119067891389,0.6712106151133505,2023-01-04 12:00:00,8.216348890434366,0.9868293289546592,-282.12
26.49472886924639,65.13601950462396,5.6381863426774474,1010.1358342395412,0.3471222834592935,2023-01-04 13:00:00,9.913397449123762,-0.3868473320067096,-271.24
30.746206353106224,51.61063475734086,3.5495357853061806,1020.634819256167,5.771664572678358,2023-01-04 14:00:00,10.389565893128193,1.3669130958241063,-270.16
28.986253328979053,84.97872866372842,4.92843296578703,1010.001819071927,1.7349043858424293,2023-01-04 15:00:00,4.5790190146030145,-1.1749524123678619,-269.54
26.410719388698883,59.19456106866057,4.994596191364147,1013.1234236287594,5.631341433097779,2023-01-04 16:00:00,8.881129473882153,0.7369396528568686,-275.6
29.539802299340067,67.17764305569943,3.262452966211186,1016.6629541593654,6.707309517861351,2023-01-04 17:00:00,4.8369326942782385,-3.188029657008614,-268.15
28.291232648044122,85.32360554822735,7.255097452650726,1004.9081713353348,0.1934798660627502,2023-01-04 18:00:00,8.067581323002813,-1.8236047496085215,-269.19
30.90593497159867,71.21189979569961,6.316043435863508,1003.1959559400962,6.448684764210968,2023-01-04 19:00:00,6.369612738783909,-3.16491731124395,-258.07
25.893840718367944,45.8449020354182,4.668553739255504,1004.3717184271495,1.784356196005274,2023-01-04 20:00:00,6.4940478968939175,1.3767156673953522,-263.54
27.017013560206696,86.99160618067376,5.040328758491796,1018.3129205171359,2.142698724738317,2023-01-04 21:00:00,6.794230272440318,0.584869536359184,-277.52
26.823675540603528,71.38540265357089,5.312574211921329,1009.2407092705378,2.9552549762559064,2023-01-04 22:00:00,8.538400918822465,0.7627371062298529,-260.86
23.609455155603644,56.745280732854305,1.937397697363564,1024.7909964283413,7.826621878694327,2023-01-04 23:00:00,6.671324776846999,1.1898261571694713,-279.74
28.88836083119373,46.96360363316936,4.629233926219104,1009.1787620067131,0.057903508096757525,2023-01-05 00:00:00,9.262543828836822,-3.074482569401073,-268.34
28.783165816539668,79.7012594635148,3.9770236280033022,1012.9227565159852,1.9436236918134697,2023-01-05 01:00:00,7.129428006230153,-1.5720120374333333,-285.13
28.015340369927383,71.00363779642568,3.497569985157627,1019.7105497628394,3.4915847944009752,2023-01-05 02:00:00,4.944295802014731,-3.1448255547799895,-271.94
27.29623859987456,66.67305459881608,4.578349560671068,1022.0304644407956,3.848041252635314,2023-01-05 03:00:00,9.594438976146698,-2.446034492249857,-283.88
23.753887773848756,84.69462915254789,7.696529790274283,1022.307517883182,3.5381569971333238,2023-01-05 04:00:00,6.357429109852589,-2.353171114811638,-284.52
26.738064031703924,79.42986056122655,5.961264291900514,1018.0418311529658,0.433118866785928,2023-01-05 05:00:00,7.3129847173952065,-1.1544639447621066,-275.12
26.971856450419693,47.58374398663756,4.143231515325805,1017.1203126290574,1.0674356139293222,2023-01-05 06:00:00,8.955385240942359,-2.157189162731787,-264.39
25.593168192335142,55.58610338977741,5.858874172034238,1014.962634746006,1.332846367228004,2023-01-05 07:00:00,6.6609650214666285,-2.9951094659111943,-265.87
27.516142865001974,52.424456990723286,7.099033154879003,1015.8918053808331,4.895621288359564,2023-01-05 08:00:00,4.867806764953651,-2.6625445545294615,-264.33
29.212152570443614,77.19731462863385,6.386950524369153,1009.2440714183573,0.980349447529896,2023-01-05 09:00:00,6.930486805583288,-2.7636221822395455,-265.25
33.65855770363159,41.67662173678897,5.089445554880261,1007.9090055828884,0.7098452737087456,2023-01-05 10:00:00,10.638915787512971,1.3653839895614919,-258.97
28.523733438495515,68.49448424356582,4.029594833441639,1011.9831277129452,9.471086606850026,2023-01-05 11:00:00,8.671273582440628,0.29646253459236815,-276.04
28.772651172168292,78.12293428703452,6.047334970420385,1011.1490768873754,0.026708393016855708,2023-01-05 12:00:00,8.864614466336846,1.3388073263478102,-276.82
27.7766622527015,83.83828183808748,5.590228078132625,1009.7338597533636,18.38646898171226,2023-01-05 13:00:00,8.609833998644659,-1.3012975674604572,-275.41
22.243686354102877,57.10408743579538,6.342789830041598,1015.4819372372835,3.38864956331026,2023-01-05 14:00:00,5.793448903236339,-2.108157591686717,-267.06
27.920458373652348,81.06286523360063,5.9527577025229546,1016.7765260428525,5.28897904931511,2023-01-05 15:00:00,7.219170116664821,0.4914659860459336,-275.35
28.18069062982308,45.53158684776036,6.574329072979003,1012.4420344314592,1.047053275514762,2023-01-05 16:00:00,9.381108689361568,-1.868730409794266,-254.75
35.389726337455855,82.3226145867259,4.1971471826591475,1019.3876504052763,0.04325618921403457,2023-01-05 17:00:00,5.158923834095535,-2.0030831314732587,-278.81
27.422917105656634,46.37443311659912,6.976091098451489,1006.2915544293325,4.016738635304101,2023-01-05 18:00:00,6.30604304458313,-2.337470038960844,-251.78
28.904642027000836,59.86436452801836,5.296399407038599,1011.0317027036014,5.389916809480202,2023-01-05 19:00:00,6.296074205028049,-2.8516051088788235,-259.42
27.89586469088427,79.86476828897767,8.112891308937899,1008.415888396986,4.046719810644282,2023-01-05 20:00:00,7.308123029364289,-2.21768469491617,-269.42
24.493965887141403,47.49587136743869,3.9662182728656483,1002.6673169146347,0.46242804513066504,2023-01-05 21:00:00,10.872396816124203,-1.7234012576305615,-254.01
31.42846844354506,51.462569761632075,7.603945704747874,1011.5865965707865,4.200302770812762,2023-01-05 22:00:00,4.938766553444843,-0.13002895927134794,-268.48
30.255799098060322,76.1126284196533,5.296866175193972,1011.3912624580836,4.395010043184049,2023-01-05 23:00:00,7.871556463473867,-3.187175788902742,-274.98
30.373095841129143,76.00182682730372,4.022872994578328,1019.5672487162107,3.2235787419956434,2023-01-06 00:00:00,5.665870433079368,-2.4474653016732852,-278.88
25.271837635615782,72.05738164426486,4.274171248918518,1015.1540584227739,4.35878917707724,2023-01-06 01:00:00,10.809397545163337,0.545118201458382,-272.85
32.2083829328083,74.697422223355,4.519479037708519,1006.879065878354,5.610878024036415,2023-01-06 02:00:00,5.236472780728517,-2.7653903820811463,-274.84
23.794446811623157,67.13622216737981,5.636248919602875,1021.2704628316709,2.8526784729387913,2023-01-06 03:00:00,7.123406515350343,-1.7867742673873923,-272.6
29.76057128140081,52.58995294534763,5.784253232053249,1018.1051684776268,0.27833571718474726,2023-01-06 04:00:00,9.29625240142494,0.8232946092907003,-257.39
34.57136687742994,57.28479967519597,4.139449994092131,1014.9104885173431,2.0061119513628665,2023-01-06 05:00:00,9.079603782178395,-2.725373444282787,-259.17
25.028391024607934,49.079885840071285,4.963468111608526,1010.8675795057509,0.242489389722976,2023-01-06 06:00:00,7.247736139810559,-3.0863158219090505,-263.52
26.301106811191683,85.42252806668142,8.213405537917795,1007.2028038163826,1.5704311044760058,2023-01-06 07:00:00,6.752407091692668,-1.0773100245999458,-280.61
28.298954095262925,69.16958973830603,7.591314755151068,1010.1389661196447,1.5682214191518933,2023-01-06 08:00:00,7.084480460593658,-1.987902443607318,-273.06
26.489573037651404,60.042570838181994,5.654485504511048,1017.4437430985209,0.20486814172065226,2023-01-06 09:00:00,6.217795710531155,-0.6829581775807294,-263.46
23.3480097068016,63.100290182206635,5.057005217252301,1021.4229315296731,1.286909991898142,2023-01-06 10:00:00,5.834664101594199,0.5190244524173755,-271.32
28.205688924418084,87.36416698059077,5.1800469900773916,1019.7162176413609,0.3529677146342175,2023-01-06 11:00:00,7.639758034132785,-2.8142575592362844,-280.45
24.813088858821686,47.66757015580401,5.9202769590956255,1009.5557528910687,4.954457130226441,2023-01-06 12:00:00,6.245469414439448,-0.5965045772285751,-266.61
29.420777291905544,69.31149160083986,3.4658111522023916,1006.4019128335549,8.851589955185997,2023-01-06 13:00:00,6.368500821832126,-0.9724561980506805,-280.93
25.241727297298592,65.2944339442233,4.613935193864982,1012.7044312345561,0.22519390119736732,2023-01-06 14:00:00,8.768914412584621,-2.779606069934002,-277.37
32.649803215052614,70.57271177173239,2.497123889183616,1003.1578031721857,9.310968702206058,2023-01-06 15:00:00,10.7954926560493,-0.38000757235508775,-258.86
25.65024012299129,40.90550919104203,5.598834683907919,1013.6158385709239,2.2180546481662833,2023-01-06 16:00:00,8.423641803635938,-2.1317979106961418,-268.41
27.033815451382974,83.60619544720757,5.970793909554112,1011.2619870685066,1.068164028835806,2023-01-06 17:00:00,5.00036653592228,-1.0608284072799377,-275.88
30.440551652109008,86.60591412418063,4.275220306550939,1009.6698174906588,0.23992987421871625,2023-01-06 18:00:00,4.991293490051436,-3.0886383786146907,-270.64
24.307407050698135,68.25665917946044,7.360980144935049,1004.026484663666,2.0831894903141808,2023-01-06 19:00:00,10.684250935496179,-1.2020797139318846,-276.34
28.68237980381239,74.8325411938446,3.161351505496488,1014.5680005328486,4.747154670592853,2023-01-06 20:00:00,6.432390136997668,-1.9676826597858983,-274.49
31.921428262847286,86.12496905886479,2.8034376796852696,1009.3364958016905,3.6836335733509493,2023-01-06 21:00:00,5.098435409536091,0.6119060559267719,-271.08
23.17755029631632,75.36193171566993,5.336677727839958,1006.1504158214485,0.15459368848813937,2023-01-06 22:00:00,8.39378981647748,-3.215106365013159,-275.21
28.553901575596914,47.62695214571307,6.570647453918232,997.6386889335918,0.22708747217475744,2023-01-06 23:00:00,8.553717058886729,-1.4069636254083502,-242.26
28.779648382745272,68.81441800834065,7.525891537186803,1011.8624254747468,1.546877793648263,2023-01-07 00:00:00,8.715281330771473,-1.20784287934281,-277.2
30.34546861533193,70.3357523191428,4.31167360569659,1020.8612579833488,1.049908828140147,2023-01-07 01:00:00,6.238113181074018,0.12503038149559353,-267.45
24.289147867365756,61.2065335651193,6.618021250146944,1020.3062960727393,0.7933982751976786,2023-01-07 02:00:00,4.598219447394087,-0.628562124548945,-273.2
24.03863016074717,76.82221178123615,4.9422372957489396,1009.7145187170686,0.9897005353665349,2023-01-07 03:00:00,10.772599901454068,-0.16393831402909465,-272.79
29.565824696850694,86.71835073845074,4.74105905008877,1008.9889396981911,4.881015093470148,2023-01-07 04:00:00,6.130804796992166,0.38524642825878086,-274.66
28.890954019699556,86.27842564533881,6.3254899062300085,1014.3438712803751,7.944877783630284,2023-01-07 05:00:00,8.894170872341558,0.8110148682909442,-282.16
28.75147855103763,62.541968570206606,5.978484317620129,1007.0080728040585,1.5580994525326008,2023-01-07 06:00:00,9.093094154211613,-1.9306225163876474,-264.7
29.039344628490927,45.661902292037766,2.635411764523626,1013.5089594990974,7.096926204728671,2023-01-07 07:00:00,8.465048211016658,-0.8098864731804851,-273.21
25.959925835264528,89.24205994811672,7.214810524588843,1015.8304013919235,1.1635933921717487,2023-01-07 08:00:00,6.5338980623887135,0.7005403921959994,-277.57
28.696761091483012,81.94490432229671,7.0701370312211775,1018.1346661194216,1.9412936579685727,2023-01-07 09:00:00,6.2621256494664275,1.4472556548252822,-274.92
28.879217419896044,46.233134060163344,4.061655947735706,1011.4992296176002,0.7686626129183658,2023-01-07 10:00:00,8.38484383756757,0.9475965552188157,-258.36
25.856945745920896,86.04209413086862,5.593705300156113,1010.9816312491151,3.068923385914634,2023-01-07 11:00:00,10.129621618475994,-1.642663686878116,-273.99
33.59732353343427,83.49481810310641,5.7410452794241085,1007.6100870662171,11.587001903928966,2023-01-07 12:00:00,10.65376923800207,-2.524167413906748,-270.84
29.42149876273536,65.94190285630361,5.391010648735861,1007.8655982298008,2.7751854774302878,2023-01-07 13:00:00,5.188387728624424,-1.0530373129670565,-266.78
24.426089508392053,69.56377178724647,4.174542269231869,1010.8676055404924,1.3286322858200525,2023-01-07 14:00:00,5.506385981885179,0.20820725918021132,-278.71
29.96966082590149,59.95013519350651,3.9925649480929226,1013.8368275340808,3.1308168554264517,2023-01-07 15:00:00,10.640785682090018,-1.0371546462335122,-270.95
25.075954989318035,42.73808194110157,4.961668893512832,1016.5679231311663,0.393473532756932,2023-01-07 16:00:00,9.28747898417615,-1.0840956834316575,-258.17
30.361253811227357,56.759862082295044,6.759093528889047,1007.9841052465982,6.585475306998919,2023-01-07 17:00:00,10.239459861393524,0.6911521054090031,-255.89
31.47578673702221,80.14267242990057,5.8154002318916485,1019.4634428447976,2.098002546609704,2023-01-07 18:00:00,5.817112121879731,-1.6929811046640681,-275.84
25.537953044944867,40.23160115023014,4.444078501870841,1010.6443819947872,1.7899662357183055,2023-01-07 19:00:00,8.319308162211112,0.7989733740582281,-261.32
30.890128387732965,56.67495858455721,6.157548065972517,1011.8931635282578,2.644688281619881,2023-01-07 20:00:00,9.05740736371358,-1.465975995241382,-267.88
29.238342780809496,59.90843467954717,0.7271860690548868,1008.2639416042609,2.9407591594554807,2023-01-07 21:00:00,8.920727255405321,-1.858834471608303,-262.34
30.46618047998347,66.86978014689615,6.723148550558156,999.8787986986353,0.22344596176699494,2023-01-07 22:00:00,7.152985990633537,-1.2300504440015052,-260.02
33.69037894796184,85.99278082063802,2.3904293318328507,1016.4202269818053,3.44294018857314,2023-01-07 23:00:00,4.600066795993505,0.31223479337434235,-266.92
27.26383565199139,57.31729971829806,4.456338587895302,1015.6842194854622,0.8309452976745314,2023-01-08 00:00:00,8.28901936922771,-2.8699898606800285,-272.71
25.73879150692753,57.34766009481139,3.320495158060784,1010.5933622144089,3.754793583808601,2023-01-08 01:00:00,6.145160004667456,-2.517903920639913,-271.17
25.33145671112343,76.87506240548743,3.0579777864186415,1012.3349535861244,5.186942141945157,2023-01-08 02:00:00,7.426652599928787,1.2572241283154595,-277.23
25.552569145103686,62.61089704449036,6.741240181067779,1014.5796960885204,4.888286837986438,2023-01-08 03:00:00,10.724276598044813,-2.622541863093213,-267.68
27.76869487175769,51.2302411469991,4.298448198032163,1004.1872707155673,2.4122427092247074,2023-01-08 04:00:00,7.093729564675826,-0.6613634103447272,-263.52
29.02345592444993,62.621975806634666,5.519755822596074,1009.3547366132685,2.2029695401398905,2023-01-08 05:00:00,9.958710443318774,-0.6034276666903109,-271.13
28.830072397990058,47.04285101898999,4.929619131681224,1015.9713233981091,0.4625179048927527,2023-01-08 06:00:00,5.725513937370133,-1.051877689748776,-258.27
30.481549747108073,48.819349325311165,5.715561240834682,1005.7285528841537,4.479583522912285,2023-01-08 07:00:00,8.870993237162686,-0.27627375711590707,-255.72
28.03900567563372,64.91838863697399,5.115232836590383,1013.4677896608331,0.9499298073258196,2023-01-08 08:00:00,10.850545203853134,-2.3508663710119078,-274.28
32.36060223147195,60.946272475227396,3.075511663717146,1005.217090976883,2.059679312699168,2023-01-08 09:00:00,5.162305155674089,-0.7366886611162591,-256.84
27.20602950028613,85.742295053405,6.49440022917071,1014.3321499121677,1.0033739899912262,2023-01-08 10:00:00,4.554079624476748,-1.6391337237655144,-272.28
36.160507499768855,58.119694955831655,4.259365125258031,1011.8217925885126,0.43101658472188853,2023-01-08 11:00:00,7.318288152111993,-0.191663701854055,-259.73
29.87700204329502,69.02941751390217,2.665127152010373,1003.9243409204724,2.9791727204277674,2023-01-08 12:00:00,5.102065639833887,-2.793882283134253,-268.49
25.42852733075115,71.61321439597651,4.357827258551131,1017.8236967722859,0.1675912791777491,2023-01-08 13:00:00,9.364498272895503,-0.6456129158026189,-273.3
24.78732250581666,40.654722829416684,7.2511396859514665,1008.3270421160098,4.142669783754242,2023-01-08 14:00:00,10.444566315015633,-2.5736482230833815,-264.72
29.447417245729557,73.17686860083553,6.27533261317024,1007.9487378149281,1.1463597976616895,2023-01-08 15:00:00,7.321136322606932,-2.106784684424818,-269.41
27.329611644022446,48.90179834348757,4.477021798388211,1013.0028459861547,0.00040410622920802116,2023-01-08 16:00:00,6.181625674010366,-2.406450998382084,-274.67
30.142001482276275,88.05351587347275,4.476113443522356,1017.7431867471436,2.1469707384133354,2023-01-08 17:00:00,7.3236215735429635,-2.5858111006559144,-274.79
29.419712873720634,47.43313638765565,4.5175474231739265,1006.920890905108,0.14395497708375654,2023-01-08 18:00:00,9.202410816025006,0.628554757803335,-267.64
27.78151326202938,60.73120618635119,8.11512197534126,1012.3083992492399,0.9695943297293391,2023-01-08 19:00:00,4.558852050272411,-2.0714621616955484,-258.57
25.459618845794786,44.26748340393219,5.57290317834733,1014.1440825016529,3.6825072767799694,2023-01-08 20:00:00,8.331450931650531,1.1356189093222469,-265.63
23.455458325942406,89.84371259229736,5.645062470786605,1015.4655280363157,0.19422241397648035,2023-01-08 21:00:00,8.486395951767964,1.3496326267259544,-284.52
26.660455143798938,65.10975051656213,6.545425181047763,1012.8822077763862,5.485366692644359,2023-01-08 22:00:00,8.64497360482358,-0.6436976503145133,-273.89
30.569196382970418,69.76925086600218,5.35818373853977,1010.1648608045834,0.01148171158918817,2023-01-08 23:00:00,6.073143519875702,-2.784994386671368,-269.73
28.642281232390612,43.353823869421376,4.611436781268945,1007.8620488967564,0.8503685192744865,2023-01-09 00:00:00,9.141342701957825,-1.6272587831020937,-252.1
24.262783663864035,77.49802351995889,4.705475226372533,1012.4307194152319,4.051670538933313,2023-01-09 01:00:00,5.094044661156547,0.4886613167410703,-290.74
28.519542777553546,50.49527965477929,4.892598110878904,1006.639304940072,1.1405771853592492,2023-01-09 02:00:00,5.795257187034205,-1.6630463565146476,-255.28
29.15595213918651,84.90271447203568,4.944166645235238,997.393247582527,0.3223961482313805,2023-01-09 03:00:00,10.203555303254133,-3.0649139084860564,-270.26
25.3484276913966,50.25698202410036,6.09144431545547,1014.1827990207884,1.339958002694424,2023-01-09 04:00:00,9.301700479722681,-0.7160754453590603,-271.73
28.461175317836584,49.534386033183324,5.077918828710949,1016.519674205431,0.9457489154662682,2023-01-09 05:00:00,4.589346101073744,0.7256042574801738,-269.52
28.174626155338,41.827483392404744,6.098960115823369,1000.1853378222908,5.549028411411087,2023-01-09 06:00:00,6.114445692403701,0.47963193571751184,-248.32
24.571089106508133,63.60334725549996,4.878925129837127,1006.9513464764503,1.1277826358815193,2023-01-09 07:00:00,5.89364213945557,-2.624384299348234,-274.9
29.07336208104485,68.24205666313082,5.117952785474136,1015.095771305026,4.6667314731940515,2023-01-09 08:00:00,6.2602411322403215,-0.13617692793766656,-277.2
29.682353579104703,43.285431971417616,2.0026989732018388,1022.2874773485585,6.673322723112085,2023-01-09 09:00:00,6.109138506819262,-2.3974786828217645,-259.7
31.24915372952583,78.77638083475053,6.374491512053722,1012.103968538377,1.706516017629889,2023-01-09 10:00:00,4.906420922328497,-2.4089623272391387,-269.97
31.16140615610471,62.664441737401376,5.519732713846989,1008.3599852938544,7.22194221948359,2023-01-09 11:00:00,7.483113357879333,0.8703588665259261,-270.47
23.866991896128727,66.219513466379,6.497015164789478,1011.0855177944758,1.421158231678548,2023-01-09 12:00:00,9.262767586110073,-2.2516552362988493,-271.02
25.18652488025463,62.03813734691141,0.6556169327094663,1018.8743820957409,9.979250856506148,2023-01-09 13:00:00,8.443756210663336,-2.183763267409944,-282.06
29.54510580162598,60.0381530437663,8.132562057171091,1008.7701791043773,0.2805907254370845,2023-01-09 14:00:00,8.873665845887519,-3.4967330461935022,-257.68
29.541357852736628,67.9820165654109,4.790615557767239,1008.0040399667487,3.4848409339799646,2023-01-09 15:00:00,5.027469660485554,0.8533451706275885,-263.48
29.545143058918143,47.76201229653562,6.662274225106275,1009.5862823890899,2.0425535046934598,2023-01-09 16:00:00,10.684689616149118,0.4629740660456738,-257.1
39.558194471964164,49.09640652476355,3.440141109311704,1007.2333569587064,1.4713479412875392,2023-01-09 17:00:00,9.95019691997966,-0.3633553245466099,-251.58
29.7126715320795,83.08928105067587,5.919160857593854,1012.6133515799739,3.0048260022159834,2023-01-09 18:00:00,9.733087070221806,0.25132881969421117,-266.49
31.406696920541798,87.30577310668164,3.419876655239516,1020.1233922923478,3.650739427905373,2023-01-09 19:00:00,9.84939473277149,-2.739757162877541,-279.51
30.86200529047961,58.66546581398765,4.064346558956292,1013.6153963655802,0.013118449475239238,2023-01-09 20:00:00,10.562618302862948,-1.2083820270621226,-271.33
29.954173753917395,53.53723365717769,7.871047030800179,1010.7382324893686,0.547995967113627,2023-01-09 21:00:00,8.037650779739035,-1.7439030632560955,-258.81
27.054192266078964,72.19997716195078,4.71397639885498,1010.5409436554223,3.745300593805999,2023-01-09 22:00:00,5.801833116139568,-3.0311173687149173,-262.89
30.276907661479804,60.43670855490482,5.326149309769584,1004.1840459565167,3.293306655502417,2023-01-09 23:00:00,8.509093451041519,-1.0693475739253797,-268.75
25.681524356387285,41.26931778301724,6.305101596033131,1016.4155488857358,10.148378823121623,2023-01-10 00:00:00,9.328729708841603,1.103698251713177,-265.94
27.289544179779973,47.80762986830952,5.743522831958907,1011.610814014936,4.294349573270221,2023-01-10 01:00:00,9.296463056801166,-3.2997044047465276,-261.11
26.54390935651269,75.79861144236988,5.225628357715364,1011.0976004320469,9.033921265130637,2023-01-10 02:00:00,7.889418657084721,-2.0426954325310307,-276.35
28.245622418158966,72.94619709550757,5.547441503699338,1027.9655378392242,3.637431608631262,2023-01-10 03:00:00,4.944981675668258,-2.4622953189714827,-282.28
34.94397570002052,41.354799625174174,8.605123377857414,1013.4937645418285,1.0616887470097944,2023-01-10 04:00:00,6.912234099795831,-2.3092667316715185,-247.07
22.398204422224758,51.098608096647474,4.913571804449622,1008.2410447495241,0.33401813463610774,2023-01-10 05:00:00,10.484982955011823,1.0421727593968768,-255.51
30.058780571123542,51.55373982940357,5.301648570072452,1009.8682120189723,4.567357728343442,2023-01-10 06:00:00,8.298917913423269,-1.1596547288285493,-261.29
23.161852386431043,73.59463717993643,6.575981594011418,1017.7422285459837,3.099731392356075,2023-01-10 07:00:00,7.999157631162137,-1.1685029353009062,-282.43
26.5842044026317,40.98552688771821,6.658288899436975,1012.5663520526888,0.14815696335462597,2023-01-10 08:00:00,6.2475478434842575,0.3028782122764113,-267.68
31.2668517909021,45.205429099228695,6.78054545834057,1004.8086101084132,1.3390978761232712,2023-01-10 09:00:00,6.894917979457762,-2.727538979975371,-254.42
28.19284005728639,79.99580426865947,5.958095333043777,1016.596144672876,9.425731537632343,2023-01-10 10:00:00,10.3197495794956,-1.063673229499746,-272.21
24.76676566621208,48.927233102716684,3.2854926309042747,1008.6592795723051,2.081849381965051,2023-01-10 11:00:00,8.832009808924433,-1.3500739293947013,-263.42
25.854088872220096,72.63730539259373,7.450147298451644,1021.3664888810878,1.7007551252176472,2023-01-10 12:00:00,9.618015673890163,-0.5154465472667193,-275.66
30.038793246804026,51.90913905233633,3.280481910471968,1017.4002403285732,1.8358055911499966,2023-01-10 13:00:00,7.453245249939759,1.497788516252193,-268.3
25.80890010484859,44.97206963796726,5.453953197858549,1009.7633905217062,0.7029271777577873,2023-01-10 14:00:00,8.596606926465027,0.34724447041023554,-267.6
28.649375768745923,52.1586095499727,3.8685862249709633,1018.4050818086756,1.3799563576775105,2023-01-10 15:00:00,6.114493456830849,-1.510671484912864,-262.25
28.13671551971144,76.11334659278296,4.9037924801105115,1012.339277552637,1.385217253356112,2023-01-10 16:00:00,9.08549539684266,0.6377652613702347,-269.4
26.04519895718255,82.78482340531428,5.493143615455221,1016.2638683756111,0.16132602220829345,2023-01-10 17:00:00,7.279408669071692,-2.6464581834375993,-286.62
34.43183226797598,81.51099322834958,5.482035823175409,1014.4236640864724,4.3774679148391495,2023-01-10 18:00:00,7.376545846295846,-3.3476815684551995,-264.02
29.901757066954033,59.85917648092274,5.632881131352927,1007.7682167250456,1.6161552679913094,2023-01-10 19:00:00,8.72059510974973,-2.477758137678635,-261.43
21.924572240027178,73.40425682853231,7.420566903587971,1008.7822508384127,5.180948519348694,2023-01-10 20:00:00,10.585824039548022,-1.7979422194287018,-269.04
28.559362944308283,50.24921477079105,5.68030145227097,1017.1498040879057,5.698328063216572,2023-01-10 21:00:00,4.9160412529560364,-0.9470962127022005,-271.84
26.014640605694836,54.65738651305067,4.633765047064027,1010.3261233394672,0.7147489330621875,2023-01-10 22:00:00,9.86083104275555,-0.4243542972940011,-273.34
30.557300004388672,84.81679092605599,6.446130752432536,1009.98175768379,3.2131677704139285,2023-01-10 23:00:00,6.4004902176792555,1.0530285860721085,-275.0
25.622437784701898,40.6500961755368,6.784205733386961,1007.2243871032532,1.9175785732822295,2023-01-11 00:00:00,7.385476454291456,-0.9507299522477117,-256.73
27.655790675599302,44.2754265427234,3.1585882772945113,1014.1179953279673,6.36471161790708,2023-01-11 01:00:00,4.642436637037558,-0.9936217768713531,-255.22
29.51496183694137,50.394312757301364,5.896100104774787,1022.3126245962158,0.7290466408988917,2023-01-11 02:00:00,6.456799505923035,-3.2487849508850895,-261.32
30.597265582510364,41.32661019369099,6.051759113466348,1006.6623354287286,3.3978713351503345,2023-01-11 03:00:00,7.7671030770958485,-3.3254422367188807,-257.31
24.39911077883267,49.071771754489866,4.553654744960012,1012.1210972833638,2.8075838935292703,2023-01-11 04:00:00,4.865144502758354,-0.7442001904181397,-271.71
26.996496292477154,69.15207804848461,7.063560219967429,1019.0611027770772,1.049955586170477,2023-01-11 05:00:00,7.692122240990574,-1.3091069337582777,-266.6
26.575164066517132,61.0712275296249,4.77491661945121,1011.6017930437714,0.4406347274420626,2023-01-11 06:00:00,10.526219087579777,0.695901974901493,-273.7
26.040012302278864,84.63358555384875,5.188364680207314,1014.2618589812487,3.163554490756285,2023-01-11 07:00:00,5.185055917700734,-2.696602076440774,-271.68
33.29636272084329,80.87217808692205,4.740392263574195,1006.6880323592655,4.025081261356413,2023-01-11 08:00:00,9.468864732490779,-3.375141689414752,-272.1
29.214945132882868,57.0908675848938,5.023368571372202,1014.1415354860383,1.1377580719805303,2023-01-11 09:00:00,7.162861846943953,-1.2548061603493705,-257.97
24.217348136994865,52.971171671564626,3.355587369657197,1011.0642786749772,3.1054981880414942,2023-01-11 10:00:00,8.758629144408197,-2.3126072162387126,-265.35
30.753585841164327,58.98462040836334,2.8399236761085582,1016.9286499783993,1.5082296617441022,2023-01-11 11:00:00,6.1915378869039905,-3.251928133305813,-268.35
34.3664685910379,69.51474712574039,7.3917575948374585,1017.9369302578237,3.746982512498252,2023-01-11 12:00:00,5.536699706518829,0.12299143423814485,-269.61
31.09739578165344,53.403182041143815,3.729557977522508,1024.9478182100931,0.666489377118213,2023-01-11 13:00:00,5.543006992762972,-2.9420350002137625,-268.57
23.44189010213796,71.2074453924567,3.5129114758155393,1014.8981658660679,6.627694185818974,2023-01-11 14:00:00,4.95819764668044,-0.45840249996114135,-276.28
26.547297781401245,60.47058260956202,1.7699148295944278,1013.6289815829108,1.0165454782038563,2023-01-11 15:00:00,5.706703581858079,-2.0947512491655544,-270.79
31.800733447559868,67.602359042599,4.041557378465747,1012.9719215078867,1.375581945565017,2023-01-11 16:00:00,8.817426002428293,-2.63251974822489,-271.31
25.876991603143658,61.80632645676583,3.0153653098887525,1010.2341685359465,0.17954286853111825,2023-01-11 17:00:00,10.230988976982802,-1.6012423854034128,-271.15
29.331458284438686,54.723287977095886,7.463022740204554,1013.6924192173085,0.35470312907013407,2023-01-11 18:00:00,9.79181695634255,0.5072288811147683,-262.73
30.32390216028801,87.42266534810784,6.514725634013951,1010.5229929493048,2.176155263965218,2023-01-11 19:00:00,8.953373014184146,-1.5395321154771366,-286.04
25.21920858526575,78.18028970798804,3.9677744822334144,1012.8423048813481,0.9342554016771738,2023-01-11 20:00:00,5.217807112172167,0.25384824605527845,-275.46
27.8214239318146,47.00565878832263,8.378653708016463,1018.5879876780398,5.414173523241018,2023-01-11 21:00:00,6.379718400923673,-2.8725685160042467,-268.08
18.276197979792784,83.42339879489563,6.472648230487391,1006.9672871736018,0.04440721708332512,2023-01-11 22:00:00,6.513744689596049,0.3638570983253957,-287.73
24.92683707599713,64.37155991247567,4.512752924737066,1017.6993928056452,1.4297269669641215,2023-01-11 23:00:00,6.124720151584538,-2.3153333754667567,-282.13
27.242295545820518,84.72761134470457,1.2508914276896403,1018.5855753366993,1.234504834024929,2023-01-12 00:00:00,7.8475367881132,-0.11303435055563593,-291.14
24.25665045410545,79.99276279736577,8.436413858886112,1011.4096573650446,0.05855055500963134,2023-01-12 01:00:00,7.981099796717872,-0.671092225795018,-282.74
32.897233911794906,61.260675223461675,2.915641299854606,1001.390725504957,0.39842946991376615,2023-01-12 02:00:00,6.819758838612216,1.1457235860584367,-265.48
23.7095758661181,41.12346541600587,2.5319018795646624,1008.9608900645278,1.6014777164272365,2023-01-12 03:00:00,6.7996295317868345,-1.56338741012343,-254.2
26.67986653990905,53.4338679692473,6.533855648014461,1018.4849727328055,2.036931657701976,2023-01-12 04:00:00,9.88561138638953,-3.169174055827798,-269.69
28.392221731858275,67.08171073304334,8.659628609508909,1011.8856596885056,1.5540026497191657,2023-01-12 05:00:00,9.630403514077956,-3.4042225722437354,-266.91
32.323819867198345,71.67391099130737,7.076409227765778,1007.0034888385254,2.2710589125399676,2023-01-12 06:00:00,6.500672905924847,0.6342928048637653,-264.12
23.69241354646168,52.894384271660115,5.84586368007854,1009.4761253938589,2.7125801638905505,2023-01-12 07:00:00,10.439624885176185,-0.8763218116928391,-266.43
31.48949125646488,46.96780370364121,5.892131512497929,1016.2031001325228,0.029920171374458154,2023-01-12 08:00:00,10.69329761051629,0.37622025917474655,-260.31
28.03069918305876,81.74651183996495,6.280123338170462,1014.7336678410069,1.8713960098998568,2023-01-12 09:00:00,6.623826523195266,-2.3278719999424267,-282.28
25.055474046856148,89.22010903517761,6.138392884680147,1010.8053395041516,9.931266663028914,2023-01-12 10:00:00,6.803762167154856,-1.7745812724338315,-274.93
29.386310422789812,66.28450911513428,5.421787135954064,1010.1658779409265,2.195865364754477,2023-01-12 11:00:00,7.786621997242732,-3.3494806389434055,-259.2
28.59717908672041,48.583964292415175,5.156301655927814,1010.0412092547809,3.3953496396716893,2023-01-12 12:00:00,10.617285281468877,1.3074616228705604,-270.57
26.199349368523617,53.61536632596845,4.9061103081507165,1007.3879490775075,1.121305739069641,2023-01-12 13:00:00,10.196076315425024,-0.16066046649593302,-270.1
28.209406254970055,40.919533827373336,3.8690531166999858,1020.0768784473472,4.461546392012993,2023-01-12 14:00:00,5.166691756793334,1.166025438796531,-264.79
26.84405920941472,85.71494032802495,4.578987384699839,1010.3883976539433,4.44737827946904,2023-01-12 15:00:00,7.052749831264205,-2.1725179628546383,-283.89
28.340552035753745,45.88755414450706,2.460564778706922,1018.0857926041275,2.2100187786082697,2023-01-12 16:00:00,8.096912733373518,-0.4426819438716958,-262.54
29.98639202356314,68.82582377571268,4.852490559807875,1019.6065802596122,11.190832753607534,2023-01-12 17:00:00,7.77036107158501,-0.10750015853681116,-277.39
32.75805044843606,53.7027610343603,3.5171133392736236,1016.9915544907398,0.4024812218531247,2023-01-12 18:00:00,5.7601099415898025,-1.9122514987120578,-252.52
24.286553503519453,67.70890012578967,3.344616024176344,1009.8418984364098,0.0512787601754016,2023-01-12 19:00:00,10.082309012593004,0.7405461750781503,-267.66
34.3991001239688,72.57101941759322,5.269841226730218,1014.018650451683,4.411092251879348,2023-01-12 20:00:00,8.900115089479442,1.2358073145012387,-267.37
22.143736601432494,81.48709018536007,7.088003429516899,1011.8790219680454,4.937613924197839,2023-01-12 21:00:00,9.946404436536724,0.9242755884800218,-275.04
27.54464471489325,50.32106358803016,6.377474909003469,1007.4814906963494,0.384206660635412,2023-01-12 22:00:00,10.08196781577157,0.1953348796968628,-256.06
29.76495161945373,40.549791432924025,2.6442490945652346,1013.621796408608,0.9260341930441045,2023-01-12 23:00:00,9.36431304882731,-2.11267660137523,-262.91
28.842975603205097,46.844281503440364,3.5155577951444936,1006.1048010442009,0.053124698119395006,2023-01-13 00:00:00,7.354868908123162,-2.0919197894718415,-264.48
26.13190144053822,85.00093209240526,6.411156781982324,1017.9383969423078,1.0414836475549698,2023-01-13 01:00:00,8.46855390760026,1.3168016022301892,-279.45
27.375633248928175,83.69450387812577,3.5262689096925355,1009.676913513508,4.450291356384336,2023-01-13 02:00:00,5.542375139778331,-3.44857752032154,-273.95
26.5209971960235,69.87065510851542,4.663050275004463,1013.0057982793642,2.18918782671621,2023-01-13 03:00:00,8.8786952135869,0.0802498662107225,-272.58
26.231905729167366,70.02584302168268,5.825078148536828,1013.4164393577307,1.2835720292800248,2023-01-13 04:00:00,5.665146162305325,0.031230812776311012,-280.7
30.548806291063073,73.25183372731277,3.547483317704547,1010.7054751314796,1.3944001894780962,2023-01-13 05:00:00,9.01067233831602,-0.386552295251013,-275.24
29.071046457895143,48.76856393117248,5.15806325921894,1014.9334690073764,0.004063628083043444,2023-01-13 06:00:00,5.992388044900796,1.4505442304343292,-263.01
25.921271214218038,85.72059729624799,2.9989617576226935,1009.6254817168874,1.0691700717336212,2023-01-13 07:00:00,5.26408345097643,-1.9406028211813737,-280.23
30.698799626299753,60.93852624460365,4.097948534073179,1016.3564864872862,3.119265259681552,2023-01-13 08:00:00,5.574349185929224,-1.800140681033759,-258.03
28.921898562629828,59.156926412474874,5.479672901213806,1005.2701015987662,10.97149636285554,2023-01-13 09:00:00,4.5129488789239565,-3.1053029852672225,-272.94
30.43858635651688,65.94588526414188,2.610509399702496,1012.6318978977321,5.633144995874074,2023-01-13 10:00:00,9.171807516047947,-1.2860093172813127,-267.85
29.888886525770836,42.348298338752755,5.660712106940599,1021.6946449952915,0.0716333502465495,2023-01-13 11:00:00,9.260606818879463,-2.1947573688257593,-253.71
25.513014967233783,48.31416843780397,4.970543301609978,1006.9983433769721,6.864881247666776,2023-01-13 12:00:00,7.847066774436186,-1.783066489111779,-253.05
26.319456879409092,76.90168082131852,5.828734931625721,1008.6112751473757,4.5863180721304575,2023-01-13 13:00:00,5.548858206859994,0.6728589512781387,-276.73
30.241880815369786,44.139933396256325,5.335871201096992,1014.5695392482946,4.5475165450469985,2023-01-13 14:00:00,5.0431031938194835,1.1774225676374783,-258.08
29.831110796300393,70.1576054733194,7.046210644960766,1012.897908909698,1.8374443585693379,2023-01-13 15:00:00,4.624338281842365,-2.5713346399740717,-266.36
27.937295218107554,52.26745548406605,5.187836753971861,1013.7531504963678,1.522519877985587,2023-01-13 16:00:00,5.577363150273935,-1.6374553422326708,-263.9
28.351982149926346,59.46478070209883,4.355891688312121,1014.4459356507383,1.0825469099469391,2023-01-13 17:00:00,10.290560977390454,1.1431528105769706,-268.54
31.832994687365275,54.434686838534994,5.183446254548426,1015.1736073428089,0.2038565719028126,2023-01-13 18:00:00,6.069989471060931,-3.1909576965538866,-260.61
26.22528583349251,57.78363582324746,5.814947043554582,1017.5484992097811,0.7772269512990825,2023-01-13 19:00:00,6.802763626911902,-3.0381973594431075,-281.73
29.641292143510114,75.95229525921228,5.073290105488557,1014.0490932846426,0.8494914255027999,2023-01-13 20:00:00,5.184745649128666,-2.6860450539688534,-269.6
27.39342204269832,54.856085781158754,5.060887536805824,1010.7937117269073,1.9853936536781007,2023-01-13 21:00:00,5.945348480863107,-0.5239358293656262,-265.0
27.34695639031834,68.32023201484486,3.947012468289867,1015.3628685060137,4.128371647820147,2023-01-13 22:00:00,7.874959710071334,-2.7476386449700128,-274.63
31.29633055596157,63.80252010995498,4.0056486236735775,1021.499409674476,1.9262777658469648,2023-01-13 23:00:00,8.450392440121743,1.3403819072536676,-259.68
30.47624904696409,73.1835582681324,2.8960920923004596,1011.3368312680872,0.17875467018745225,2023-01-14 00:00:00,6.094790042080372,-1.2664273637073982,-274.97
30.440528908001916,86.84148696623791,7.624365114780409,1007.1273534766468,9.49528021319027,2023-01-14 01:00:00,4.875259034963262,-0.9924101982491682,-276.86
31.916436421462986,76.62860486051252,3.1342051469130725,1017.5354033464349,8.57963748705613,2023-01-14 02:00:00,7.041713649328091,-2.2667069209729673,-265.26
28.063011524898275,50.74701892953784,3.960642203306139,1011.398094180232,4.613997707183753,2023-01-14 03:00:00,6.022321911021172,-1.1451987378263326,-268.97
30.045858913884892,41.55915675306424,3.922389101646204,1001.1366522699299,14.24293345007983,2023-01-14 04:00:00,5.9271005009937126,-0.19043183681494247,-261.17
27.069199730219633,53.113202214991254,6.342386565416662,1016.2371083857521,2.358962329938869,2023-01-14 05:00:00,10.739108217637458,0.255885684770214,-266.86
28.972499057465328,69.75389653501274,4.557575482561958,1009.3233590702304,9.8717882393487,2023-01-14 06:00:00,8.505953158517206,0.26934041354956495,-267.56
27.609570836896946,42.57129067421252,6.8716131090106005,1011.5473335884792,0.23584756034750948,2023-01-14 07:00:00,8.119709880618624,-0.6105444365295583,-258.29
28.290987894978155,64.81831236006181,3.989764063634197,1013.6599016528451,1.3656086989388305,2023-01-14 08:00:00,7.202538172901592,1.021798874969286,-276.73
29.785471076310742,69.84214244584446,5.418491243335703,1012.9524983988954,0.7661529881957732,2023-01-14 09:00:00,7.288138167295937,0.587039236530547,-272.56
25.545337950299583,56.712194540848046,3.746979420110364,1015.5472590856951,0.6538452736569246,2023-01-14 10:00:00,8.015882524947525,0.28524057349312715,-272.83
34.27716182705638,78.54561018729109,8.217723691660083,1009.8225681471508,0.455270962113255,2023-01-14 11:00:00,9.026793745734697,-3.221972391597697,-267.49
24.981947855500895,45.32991265668859,3.218602371455731,1014.5655289908805,2.921867917175943,2023-01-14 12:00:00,9.063949625181891,-3.4656101889017537,-264.04
24.357434161636803,43.75688908679044,5.464731065340541,1010.7022666120804,4.560462873369479,2023-01-14 13:00:00,5.616010400085422,-2.4377636140226353,-261.77
31.474332620500203,76.40943781018017,5.950665321398148,1015.6940524044376,2.59037196808748,2023-01-14 14:00:00,7.750732888498075,-0.1823820304327386,-280.92
30.37498808188881,64.77456581030992,5.620698646177248,1015.0768374200653,0.4768560470034755,2023-01-14 15:00:00,7.177727617721663,-1.4440125555872712,-262.54
29.872359451156466,74.4201198213868,4.722068511683437,1007.322806489777,4.999990037443963,2023-01-14 16:00:00,10.158425280750997,-1.4879687035034412,-269.97
29.88503652779284,61.74136693018731,4.805268950399861,1017.4299105808751,3.031430964652191,2023-01-14 17:00:00,8.604222987919446,0.9229344411480689,-261.82
27.963259681459256,52.32010166195534,5.065717207968665,1009.3201827744298,1.4738813843333425,2023-01-14 18:00:00,7.961276431703881,0.9778142406591934,-261.39
25.308236885542506,80.95511588371,4.779496997557267,1016.0402889914058,3.363772971201204,2023-01-14 19:00:00,5.2500651741629625,1.0458763202679284,-274.25
28.22741367458118,79.97079394844897,6.445818675192364,1013.8364365670067,0.9029300837961514,2023-01-14 20:00:00,8.436646280602174,-1.9306096174248635,-272.54
25.968514865463664,74.73482354272133,8.315784502387027,1021.1909183839756,1.2702406034818885,2023-01-14 21:00:00,5.261825386921517,-0.04472093630369134,-269.01
30.925359200253254,53.607256861498136,4.16376232248825,1010.8826700881407,7.484356205888114,2023-01-14 22:00:00,6.691842741177388,-2.1418340936281517,-261.35
27.558827855493583,69.51153334345435,2.945295530631383,1010.253416019409,1.029603398671392,2023-01-14 23:00:00,5.428472771293157,-2.546950834627751,-272.76
25.523508409622465,58.04869484700134,4.8675769274731175,1011.9029019705613,1.9045684113896826,2023-01-15 00:00:00,8.998478705658398,-2.5768377132631537,-257.47
27.03584247504102,44.579103666331704,8.869564006481479,1010.4841010858286,6.625676412785252,2023-01-15 01:00:00,5.840638739934992,-1.7894618956820298,-255.91
29.238794362826873,85.86567877311214,3.794488148045404,1015.9997095097102,3.6901429555311966,2023-01-15 02:00:00,7.047085925722169,-1.3502119011008915,-276.35
26.308826341588077,46.84093154594807,7.458675208166101,1003.9184469578171,0.19266603742221824,2023-01-15 03:00:00,10.32188605452206,0.6547458552753422,-265.81
25.533338813300706,87.51186769104012,7.516551221114661,1006.7315879042683,0.4780531902139673,2023-01-15 04:00:00,5.828056492093307,-2.9005445326364394,-283.62
28.731061634475736,62.30028864789779,4.169617637438008,1006.6609853921041,0.023617493171920842,2023-01-15 05:00:00,7.800732915732064,0.17462923697447108,-264.97
28.73489971332617,49.25664644193098,5.853474618777913,1016.7515379598678,2.9902401204044744,2023-01-15 06:00:00,7.225265797579143,-0.8427254290534734,-263.1
26.47917047388661,67.0950473689179,7.442594934692807,1020.5530668629096,1.7808473610307014,2023-01-15 07:00:00,4.617806266797244,-2.0602732866200375,-275.78
26.58688508314503,83.64729179382041,4.43130838851877,1011.4777539073126,0.4325634017703105,2023-01-15 08:00:00,9.652927738223283,-1.035902077335877,-277.36
28.69614981207291,76.61124432047805,4.694629459846458,1011.1558913840499,9.505555029945667,2023-01-15 09:00:00,4.948798391044898,-2.000289651114887,-267.18
23.655746975508027,80.32805739307248,4.127478629077034,1012.3502608155659,2.262896563885388,2023-01-15 10:00:00,7.5826576363501985,-0.51959022380847,-276.41
23.777608676870337,72.93916833553587,3.4778649039606995,1017.809391513041,0.8307933909276142,2023-01-15 11:00:00,8.144408917103174,-1.330780385723779,-284.28
25.844667336242694,74.61382822589263,4.026083682400989,1007.3632343290471,2.083065156157547,2023-01-15 12:00:00,8.584771967994815,-2.6779723546056062,-274.94
27.35965854486446,82.45978257826596,3.164089599856615,1013.1918449136739,3.414745578819769,2023-01-15 13:00:00,8.976105590501192,-2.9170846272215165,-282.86
28.932722696794013,52.483400442959294,5.051125202388839,1016.8759881489121,0.23790640431015242,2023-01-15 14:00:00,6.1462704928976475,-0.7665215896393494,-266.87
32.426068650848656,64.47124818215703,3.8450401534120373,1014.5054708496992,0.9635255297552786,2023-01-15 15:00:00,4.564862048279921,1.0120651664305171,-269.15
30.572978869606057,51.06047209098011,5.350678867686121,1012.9479080829938,4.934658907052556,2023-01-15 16:00:00,9.202383805306928,-1.7802115672115724,-265.01
27.520184410109717,89.38340039983234,2.666156530694559,1017.0052304628357,1.8466971646720416,2023-01-15 17:00:00,7.981767895759261,0.16500053611311616,-288.88
27.942951376291933,87.20296698433066,5.496320348321685,998.4838385350038,2.3727903828174104,2023-01-15 18:00:00,9.934765070847117,-0.2066932253011653,-274.89
24.992411906086573,41.9713405684253,6.250293442413387,1015.3893765976545,1.7012145504069338,2023-01-15 19:00:00,9.839024358854513,1.1577745715474048,-265.8
27.944460592022832,75.27875862578442,2.009396536142817,1008.7296215843629,0.13467812670047108,2023-01-15 20:00:00,9.981620090621242,0.6049050864957044,-288.84
27.134024083239584,86.26241587078329,5.561084854771358,1002.8468355157178,0.5436656922755809,2023-01-15 21:00:00,7.653115289867011,-0.6669737054726852,-265.16
28.968155681014267,49.02876725636668,6.841503488709938,1014.5560129976249,1.7692907022668283,2023-01-15 22:00:00,6.668584572939627,-0.21484750882946368,-256.61
25.518307169343032,68.39726152763147,3.185538471963192,1018.8682927258147,0.704075424747072,2023-01-15 23:00:00,9.645128316843905,0.9919323329201744,-277.72
29.558039542723517,85.77441487940209,7.508858580256555,1011.3127574268616,0.15381365860838053,2023-01-16 00:00:00,7.433411734690157,-1.502406077065326,-274.49
32.59821673900773,41.69729892928994,5.6285285140490675,1016.7643727360147,5.5669681391622925,2023-01-16 01:00:00,5.692374276622324,-1.8660264707111132,-264.22
27.67371955462943,74.871013362342,3.9424822163623867,1020.0613912899432,11.920503309585719,2023-01-16 02:00:00,10.057331127149583,-3.445944581824018,-270.37
29.205135166296824,54.86745036862754,4.916346383513441,1018.5745722679202,4.727180809703228,2023-01-16 03:00:00,10.236639199020257,0.6327553709573213,-257.66
30.07043197513334,86.21980976882652,5.837490368782584,1020.199822646857,5.768029806808435,2023-01-16 04:00:00,7.531013414911106,0.5049035020168242,-278.36
26.796338584342493,88.55291225826838,5.114008087118617,1015.7106374553595,0.831125168127634,2023-01-16 05:00:00,4.992048227513618,-2.977727409499243,-275.68
28.67227744543125,87.2133244556717,5.808133988669554,1012.3771681945079,9.704023064576365,2023-01-16 06:00:00,7.020869584460053,-0.615713094336499,-278.24
28.037777202345385,63.71071083287319,3.6189896103809507,1003.9901709405142,0.6579241405241347,2023-01-16 07:00:00,9.722994786506922,-1.180091509165563,-273.89
28.293028295646494,83.10213254946567,5.254041236054117,1010.7696875593502,9.074235954606156,2023-01-16 08:00:00,10.361531185550486,-2.9064545224544425,-279.56
25.6809706484336,82.22746992675351,2.8794282546425296,1007.783767023419,15.788441795967884,2023-01-16 09:00:00,5.822572826234373,1.4028411353036176,-280.45
28.073530522776828,55.95502366216278,4.83316090797695,1022.8547135874891,3.731498345054046,2023-01-16 10:00:00,4.935328478164265,-2.4265205626832227,-271.9
29.493994873736348,81.44577370753387,3.6441385378028155,1011.1205709378384,11.912729668279338,2023-01-16 11:00:00,10.20277794536345,-3.1638290995471943,-278.61
32.353430823385125,41.85038173577463,3.8967050861153503,1012.6160240339224,2.5287010876782188,2023-01-16 12:00:00,7.0311321033626895,-0.5257631024904521,-258.27
30.87781247825562,69.81349392410266,6.854139762815656,1014.7574268802024,0.9014582174769585,2023-01-16 13:00:00,8.021446267739162,0.19433338566516323,-269.12
34.45954737253467,51.50044186438515,6.636965180891403,1012.2180122318623,1.7234050289784286,2023-01-16 14:00:00,10.792427778329934,-3.337782769764065,-257.8
25.697957311335852,46.02834428886394,5.913707181360765,1020.4752552021538,2.7009637912848534,2023-01-16 15:00:00,4.932670731442449,-0.2064118063648892,-271.29
30.616961910162033,43.84766008146046,3.3615308529911316,1008.8867531913278,0.22766910664153162,2023-01-16 16:00:00,8.714067048438622,-0.8385406202427279,-262.33
28.550026017215057,74.81443879390699,4.525387325457797,1012.9730372761862,2.921308810184853,2023-01-16 17:00:00,4.981685246736636,-2.9836749556247577,-280.27
34.56940879965302,56.9937481884033,6.819646549968775,1008.2876470715098,11.918160623626164,2023-01-16 18:00:00,6.940548035032252,-2.6373806152681896,-256.03
25.575105143934547,76.23833857643808,5.212575370459857,1005.3998874438964,0.6325618233460011,2023-01-16 19:00:00,9.724794543757405,-0.6601285134195973,-284.18
25.480834473457673,43.26781703994712,8.478994309972542,1008.9411545454735,4.719247308468735,2023-01-16 20:00:00,7.317569512911623,-2.018211932433558,-254.69
26.201822063667933,55.76451689153052,5.589976759091558,1011.814816014758,7.154601716853772,2023-01-16 21:00:00,10.981685300369177,1.1915786432565802,-261.03
21.62831282707058,66.97456461876686,5.288073674735047,1009.8534888774137,8.631267107677488,2023-01-16 22:00:00,8.133885352152914,0.593701147420254,-277.51
26.422734934957717,79.53615824194819,4.536325303696248,1008.5378951006307,9.666815083344595,2023-01-16 23:00:00,6.587553992133698,1.4178360325683155,-290.46
25.722602015338907,55.937625146603494,5.200311357173423,1004.9684126816409,2.211044166170863,2023-01-17 00:00:00,5.930723618380895,-2.20164580524793,-267.42
28.451181359428624,71.29456882185045,4.771295245429184,1011.5844721368566,11.357216354578068,2023-01-17 01:00:00,6.778383472860051,1.3486181639898849,-273.96
29.025267927331477,84.29888741180935,6.062163015032885,1004.4763981298449,4.247913671172521,2023-01-17 02:00:00,6.92146627943708,-1.3438306510422109,-279.11
33.62851251764766,70.79315940911523,6.435053475191876,1015.800279818448,0.5290355234425688,2023-01-17 03:00:00,4.946638905205746,-1.7624060234312269,-269.98
30.85127151455815,51.64797373768169,3.8210158092380757,1012.4121987646726,1.943948496414961,2023-01-17 04:00:00,6.9022322962740255,-3.248252365153234,-255.15
26.26928903301279,41.220039077826904,3.003150569663333,1004.7122425026754,3.8010698367637556,2023-01-17 05:00:00,7.517550378304962,-3.236173710701987,-257.52
25.304755985954927,83.50494369504649,2.245691940345055,1010.4539546147507,0.8524262999393877,2023-01-17 06:00:00,9.19779538955223,-0.039943720266726324,-284.74
29.47575751451952,41.063470542519354,5.761986990368816,1008.2392179720471,3.070084657384059,2023-01-17 07:00:00,8.768741650690451,-1.2103550278298605,-265.46
24.039300378938073,83.73508363420997,3.3449500907391894,1013.5958725520959,3.2952412365568886,2023-01-17 08:00:00,9.106976758989504,-2.3673918698194716,-283.63
33.494376297563065,66.4468567013606,1.7706641105712757,1018.7022522301157,0.5327176313955287,2023-01-17 09:00:00,4.554363932199571,-0.4301484683738366,-270.51
31.538320362163862,86.95338492564481,5.582867906796446,1002.6241376517713,2.4978161631259734,2023-01-17 10:00:00,5.914838097273485,-2.235709408749444,-270.01
26.592473043685885,79.93916178868326,8.739499276149186,1012.5751303957371,4.430323896124188,2023-01-17 11:00:00,8.800947874599068,-0.6118412282778869,-277.79
22.860596412727368,89.89670552666686,4.99089363269016,1011.1993360221668,2.072822835479808,2023-01-17 12:00:00,7.645930893168357,-1.7039562650865483,-280.89
32.06161712249624,57.53559077258551,6.257736161677463,1015.3567003822524,0.036530867663101,2023-01-17 13:00:00,4.5345375918442485,0.6177611330590951,-253.55
27.656380464242147,78.35941444655634,5.122744037821348,1013.0659831411884,0.027238691552712857,2023-01-17 14:00:00,9.729215175806846,0.6034808038338966,-270.99
31.713448935920386,60.09654568046211,4.851665520213286,1008.2401533413059,1.3249685754603202,2023-01-17 15:00:00,9.523262226387192,-1.1132480093879935,-263.73
23.216717023616898,63.99378101519544,6.378614724481653,1010.4047303216669,7.818948531157205,2023-01-17 16:00:00,8.064724559458156,-1.745904453324922,-273.8
26.201874931138683,71.37527316091851,4.564588183717023,1008.0198707159825,0.7789433128917509,2023-01-17 17:00:00,4.9320116175457684,-1.6872010172045273,-274.19
28.01573109915455,83.68385570931693,5.401088471107855,1017.380035692993,3.01834837516566,2023-01-17 18:00:00,9.482347821961799,0.5285726283410899,-272.73
28.140941781294227,89.20417345996475,5.48254670929402,1012.1065582433597,0.7533788391915291,2023-01-17 19:00:00,8.294138320253865,-1.85910258601194,-281.8
26.649803585562267,78.41367069322591,3.997864319535427,1021.505953428765,1.1643641056396672,2023-01-17 20:00:00,9.582739851526735,-2.45470313146577,-279.11
29.868549797042498,60.88833910836669,6.488063524304784,1011.6966959309269,5.652455105262376,2023-01-17 21:00:00,9.386355450572964,-3.076558290623466,-265.95
24.797138711852217,61.06785011385351,4.737560364956887,1008.4579661654477,3.9153759168791913,2023-01-17 22:00:00,9.719513467725942,-1.166534395577958,-272.58
27.57286154493612,76.87911507944457,3.8663822607607328,1004.4314280369358,0.30078486911000696,2023-01-17 23:00:00,7.867052431630061,-1.0893395054007904,-279.63
28.360886895135696,51.938857288415115,5.804764765355605,1002.9843016187202,1.6795330523405356,2023-01-18 00:00:00,5.412109368257847,0.7045435520145356,-259.22
29.543316502176246,45.52370565656973,3.652298027313444,1004.0793202849726,0.08881097940675642,2023-01-18 01:00:00,8.862523576967977,-2.39380651776968,-258.93
30.13484463426667,57.73110788203883,5.042271736053692,1013.3356332550575,1.9669192639074171,2023-01-18 02:00:00,8.533079602837809,-1.5950436316580006,-262.85
24.626073724486393,54.361949582704085,4.986321505033695,1014.5436251161497,3.2579828006866367,2023-01-18 03:00:00,9.324645716794066,0.5420286944684545,-271.73
23.397657487793133,54.81540602279951,6.628843348747367,1004.0940464898393,0.37839976031087524,2023-01-18 04:00:00,5.60422653932978,0.6181180537448672,-259.43
31.83303046569553,51.680387552495496,5.7120473493199295,1016.4751915703806,1.0227630969811035,2023-01-18 05:00:00,5.767338799351879,-1.576944620106159,-266.31
28.996942035938776,42.104659481818096,4.962459561882284,1009.5846947415828,1.5216794528485509,2023-01-18 06:00:00,10.287661861925635,-1.2043798835665953,-250.29
25.75454039033034,40.89369673667069,6.226649448800431,1012.7339650599278,7.55965070489133,2023-01-18 07:00:00,9.37485568993846,-1.9835705457535853,-271.09
32.65345592656757,89.38611948680158,7.0853113235259695,1020.0611031412772,14.996868227707052,2023-01-18 08:00:00,10.403485176552099,1.1627743920965603,-277.22
28.347023902878576,61.38865668679311,5.8367154595277935,1016.4841965793277,0.13785318654504822,2023-01-18 09:00:00,9.431649587565484,-2.9067811712920983,-265.97
31.53789155219148,59.216332357984086,5.015528929765071,1010.6573467604709,4.293974640901723,2023-01-18 10:00:00,8.381509488936963,1.16874711500735,-268.48
28.202555444230327,73.9823641346535,3.032245651474761,1007.5440388729236,1.394327472916467,2023-01-18 11:00:00,8.75186279068118,-0.08066774082328365,-270.63
34.18224377464596,50.912694393253204,3.402329505386941,1001.2409229933535,1.4950028306525192,2023-01-18 12:00:00,10.279331505610065,-0.8421392365663438,-250.25
33.26602252732961,87.49805919751127,4.542162943467998,1008.4042334037879,4.2105043529860255,2023-01-18 13:00:00,8.262243904327613,-3.3367046960775206,-285.11
27.253107554562778,79.3172507207776,4.0857316967610755,1010.9443488058615,7.518749978511517,2023-01-18 14:00:00,8.610543608134519,-1.1220190408899584,-274.75
30.914712852863065,44.47055011561297,4.7195430455218315,1007.064102364244,9.043436359761618,2023-01-18 15:00:00,5.517098654023403,-1.4612594749863383,-271.62
29.936127848755444,60.87903878924642,5.084974887345661,1011.3437151645385,2.5820188303363913,2023-01-18 16:00:00,7.580487930754668,-2.693905940124387,-271.1
32.105894672597046,83.95591537810824,5.794539131535096,1012.3842594147939,1.3253970019482422,2023-01-18 17:00:00,9.156581227727642,-0.21795198249671532,-265.26
25.105229618259685,87.2366011145705,4.894251832911364,1010.8757200909596,4.647132928731296,2023-01-18 18:00:00,6.261127539056375,1.3557545368414292,-283.97
30.05815437999532,63.37007556249348,5.729752465739303,1008.7499870958827,0.8670544268363185,2023-01-18 19:00:00,5.814652173409477,-0.6890559446773743,-271.53
31.175273460548762,70.67056946053539,5.096711622215181,1012.8432733598337,2.4908485228553205,2023-01-18 20:00:00,6.539874253458701,0.0737663822197292,-270.61
22.723781540730656,48.35169730460376,2.036800150469193,1014.2097032478471,1.3322052356299607,2023-01-18 21:00:00,6.069754081953418,-3.157747737169916,-259.13
24.450224462002673,89.55843130684883,3.5909969092718685,1006.5480046127858,3.2068494689633815,2023-01-18 22:00:00,5.896932140736573,-1.4116650209150263,-290.87
21.882303466719698,51.58358506917217,4.783868666417577,1019.0546618987313,0.824885606665529,2023-01-18 23:00:00,7.261530478642565,-2.9182075741775204,-276.4
27.191779496666328,87.13658870675629,3.1854578857383387,1011.5070593385786,0.6380687018533278,2023-01-19 00:00:00,10.400950340242971,-0.436020822317448,-272.28
30.152626767387886,72.48233244961843,5.899893094994306,1012.0942481147242,7.51186794536906,2023-01-19 01:00:00,7.795887703801669,1.192410791070773,-262.17
32.507071156288085,70.38683974394296,7.296126248515546,1015.5410721162827,0.32209985611137537,2023-01-19 02:00:00,5.7214824752996,-0.1911113376418072,-268.02
28.222284341259325,65.63442555082543,6.828142777545975,1013.1660806563175,2.115403675229453,2023-01-19 03:00:00,5.0003158509756815,-3.115984758427892,-275.15
32.88584663671388,51.53349058588793,4.679835693604688,1016.7656831695663,0.7486658066715753,2023-01-19 04:00:00,9.025014943396513,-1.7266689750745858,-251.2
23.859695625355325,48.82640160027542,7.2360892052749275,1013.4356208260091,0.11912398114159994,2023-01-19 05:00:00,6.988191968836521,-0.7466831027957426,-257.18
22.889852681934535,51.02431045350877,5.2230011858031675,1008.9378131267978,0.11005051683398129,2023-01-19 06:00:00,9.841901152804835,-1.483961219333739,-263.27
27.833356903310143,49.32191310721272,4.494371043322941,1013.8075176260305,0.5779222303749806,2023-01-19 07:00:00,8.786819996165006,0.6682200523758617,-268.09
29.152196346817924,78.97922367833766,4.079896004688591,1006.2813689633967,6.0470429456121675,2023-01-19 08:00:00,9.675569428518894,0.5733550235499463,-274.16
27.90191575571772,57.50626295833651,4.546295470267808,1012.5427985288826,0.9958581200041483,2023-01-19 09:00:00,6.267649256219917,-0.44084489948389294,-267.72
21.79767369988037,42.89213382816982,4.417734772188156,1011.8338500467777,9.014874337607278,2023-01-19 10:00:00,9.000332995996878,-1.6327102743364739,-265.77
27.732639881461633,88.45513150704056,5.255624333563231,1010.9594157136373,2.6141119475215913,2023-01-19 11:00:00,6.216402900509172,-2.2233181311837793,-271.6
24.08659149848544,84.18929424817128,5.240860971574797,1011.3573124428053,1.7213718294452631,2023-01-19 12:00:00,10.603945116426896,-2.9706284089343535,-275.62
30.009017646490115,86.38761415976064,5.004569030230122,1002.5907547725118,2.6031363035823096,2023-01-19 13:00:00,8.636432829966934,-1.7255115825672298,-279.23
29.099794738290544,89.74539113232177,5.655407254619525,1009.2563754612952,2.18134307698526,2023-01-19 14:00:00,6.609326701139723,-1.4341374139614023,-270.56
25.180360641017934,48.69476246097437,6.7859694121795116,1012.4642245057056,4.266091105648044,2023-01-19 15:00:00,6.251827104899772,-0.1208853744796321,-263.29
26.45839924798992,59.81210094513294,6.4243312031619855,1012.799281959987,0.9959305451961793,2023-01-19 16:00:00,5.7410228029656825,-0.20920087851213243,-264.51
24.822359434333144,77.91192378520456,2.7726530473251447,1006.8616242953702,1.3064606175678797,2023-01-19 17:00:00,9.01516623280923,-3.149459301793715,-269.63
27.811962708180484,74.8010309026896,1.169118297647068,1018.3285392043235,6.735618682141562,2023-01-19 18:00:00,5.921651484486528,-1.523703422844211,-284.37
30.865426961503715,47.69479531699275,6.40147986685891,1007.6691257589275,8.781783350832452,2023-01-19 19:00:00,8.36947122852868,-2.5911056639131904,-259.78
25.04282186099337,80.79165624953089,2.9496819523768685,1016.8472860026337,6.692418687591921,2023-01-19 20:00:00,6.220127675014822,-2.7159364734159714,-284.56
29.512139546553534,51.22202859183304,4.662851897160975,1014.1359718093585,1.6313276804924821,2023-01-19 21:00:00,8.802798141160146,0.6365107486862298,-271.49
26.409227144882678,51.19088074113115,3.244830460910961,1008.7688634507809,4.5473714746545815,2023-01-19 22:00:00,9.797108235513505,-3.290423916418712,-264.21
25.621381503212966,66.84872114467068,2.2970293436299705,1020.8765544630476,1.940713537235045,2023-01-19 23:00:00,9.557164080440245,-1.4040856204893934,-263.96
27.678908920136326,69.64699674208515,5.812194092307182,1006.0318158412176,2.0647168498421085,2023-01-20 00:00:00,9.44553365105008,-2.658981721167409,-278.65
24.89427303274188,69.00431039189056,6.13873274045397,1016.59577086805,0.6870326001481353,2023-01-20 01:00:00,5.720195636999638,0.8966510783923702,-274.28
26.339052083958453,44.574341869887746,4.135234398909921,1017.0029115902149,2.6830762907219823,2023-01-20 02:00:00,5.074502155399371,-0.7147974336248244,-261.71
24.406366322233453,83.87304313151901,1.1134365617826352,1008.6468989546167,0.6178856324229923,2023-01-20 03:00:00,9.043167385168006,-2.34309681811576,-280.46
33.89417539874917,53.2800021294353,4.180633327621276,1018.9623265003216,1.208447008718755,2023-01-20 04:00:00,6.894256889663284,-0.9878635641681179,-263.18
28.105790655915186,46.47574606414021,5.58770600810382,1010.7497674270053,5.7936895358710645,2023-01-20 05:00:00,7.310250471621758,0.15743179851557887,-268.63
25.900823476022243,84.43740399344887,2.7816326468388066,1013.4434681463993,0.6960829797393092,2023-01-20 06:00:00,4.702469103157042,1.2905900445971685,-279.39
28.641939732202665,87.78257491148767,5.275039879668734,1013.301609193856,0.22145081100907882,2023-01-20 07:00:00,6.187246920287819,-2.397769978772905,-281.85
27.66301585092751,83.10638086327253,4.977035226240507,1011.3284562926473,0.2145124712068639,2023-01-20 08:00:00,4.7188966251840165,0.930908860646726,-287.52
27.33709120140033,80.4758037362439,5.8689372494016325,1016.0540413657989,8.479716879850638,2023-01-20 09:00:00,10.21470752190811,1.1715205708374512,-272.34
29.842500100130277,72.7620990319511,5.17937055262123,1015.967443602761,2.121254203547399,2023-01-20 10:00:00,6.082078440920448,1.0821027226603315,-267.55
30.272523130141916,67.54286853045696,3.540396588677667,1003.2573401338091,1.5799102494049913,2023-01-20 11:00:00,8.122691602224553,-0.32292821569045094,-266.71
26.40849655716842,44.34933799557051,6.794857252496737,1018.5217012143908,4.996098124985499,2023-01-20 12:00:00,4.753365584297348,-0.3508967278264614,-262.95
26.27254527806596,60.42266065353493,4.762205640459545,1003.6875400598217,5.4204839966429095,2023-01-20 13:00:00,8.834508043486778,-1.4839468340808861,-262.11
27.17484490854507,58.6344258506157,4.959043190735102,1017.1627310217083,1.2112593721886629,2023-01-20 14:00:00,6.599677747401611,0.2619894115189396,-268.01
21.094236505793248,52.98768918801631,3.600098061390206,1017.6335256841379,3.548768331499047,2023-01-20 15:00:00,10.336474715224828,-0.8435299082453405,-268.64
23.454426813404343,76.17100568442925,4.335076623212735,1006.545167848924,4.423709199177786,2023-01-20 16:00:00,10.272768228071232,-0.11280964385852776,-278.44
32.100622802333575,64.79378675393855,3.6727959289596486,1009.9459285602271,3.1895966170416616,2023-01-20 17:00:00,6.614389019351361,-1.3577104807560225,-260.1
32.93490314050385,44.0523107953824,4.740580910114866,1006.4714766575703,0.4931917530841479,2023-01-20 18:00:00,10.356245821988042,0.1574823202156952,-253.86
27.252891881330864,51.009160097490565,7.567562720213515,1010.9253948485564,6.259593848225844,2023-01-20 19:00:00,10.975024877742062,0.6223575880227452,-262.62
29.7296708891673,74.16293818297979,2.9421482856029657,1010.4598285790713,2.3236870817127713,2023-01-20 20:00:00,9.865201816805662,-2.7678187169859196,-279.07
28.93375046363061,43.80654297451501,2.5796579031848883,1015.8983026613467,0.9958317058213311,2023-01-20 21:00:00,9.991663760408988,0.66464857787114,-261.36
37.236642425365716,82.56034570243844,7.206755491240413,1018.551543730598,1.6613464835633045,2023-01-20 22:00:00,6.118556784709084,-0.7985173410484636,-273.97
31.35872473430373,64.75732635069872,4.686014484272201,1018.9784190539498,0.11488522710810684,2023-01-20 23:00:00,8.248565592575416,0.7233295454511213,-271.91
27.6162472255577,64.0293288663324,3.996390892010125,1009.1891598671085,0.410439347539992,2023-01-21 00:00:00,4.9371634407878915,-1.343491468294927,-273.04
25.133378678198724,69.62038923297588,6.559857031094115,1010.9538906312773,4.351497220536421,2023-01-21 01:00:00,5.116966589340853,-1.604797573084825,-278.29
23.18066103922728,81.23404829625746,4.091576690394704,1003.5828090388952,3.490446915129697e-05,2023-01-21 02:00:00,10.992801978216388,1.075303662586112,-266.95
28.61039090760167,57.390460395109656,7.739014570320404,1007.9706496675191,1.6164709506398132,2023-01-21 03:00:00,6.623155121268422,-2.2441536622579936,-256.48
25.73094776414709,73.90080762795318,6.016888807008904,1016.8242581654873,2.217637322801619,2023-01-21 04:00:00,9.363195428317502,0.7210616264307159,-266.25
23.73323887120698,68.28659819978955,4.268132887781446,1020.0779141177411,0.16855070746949075,2023-01-21 05:00:00,9.743322844674307,-1.0798971374529795,-282.94
26.060281347272422,53.35141350847107,8.235962319898256,1005.8282556406004,10.844452608836328,2023-01-21 06:00:00,10.077151261546991,-0.9295227872437013,-264.11
24.755355989156815,83.9314993177579,4.091427615494992,1009.0376787042355,0.7690360355493384,2023-01-21 07:00:00,10.984583933114017,-1.9576585925525798,-285.65
33.06142490521769,79.8713010803464,6.113143058013961,1011.8679712152053,1.0880735284025105,2023-01-21 08:00:00,6.069727154169641,-0.6347889969049216,-274.09
30.64491927084835,72.92259173292128,5.448938870609738,1013.400805794098,1.0869690741718758,2023-01-21 09:00:00,4.762280374588048,-1.8739440186189436,-275.21
27.976082076050147,82.52908645471209,6.952611934098197,1007.9519824003918,0.785718090676184,2023-01-21 10:00:00,7.172744866964809,-3.303652928791738,-267.8
32.43983241667008,83.36471004799012,7.3422667950902785,1014.1203052223204,0.004424727691155174,2023-01-21 11:00:00,5.345524353888155,-2.14000697327822,-274.21
28.232104922942856,75.41814883575174,5.04800622359865,1009.6308032646455,3.9207287132240625,2023-01-21 12:00:00,4.645768279553359,-3.4681047829670466,-267.88
25.41614739601521,81.85066641818361,3.869873194480725,1011.9277386456087,10.219730456708247,2023-01-21 13:00:00,6.84277437641966,1.3917739352842835,-277.69
32.56937223180897,74.87357308346418,5.689958214408675,1014.7314212400184,0.761943091332633,2023-01-21 14:00:00,9.594298631989037,1.3287360490987377,-258.53
29.616730131053977,74.00703858801502,3.983426945371841,1012.0321113490547,3.2634371803817617,2023-01-21 15:00:00,8.18017449296296,-1.5242235126384749,-280.18
24.888261537020632,70.93056891075922,8.020080871289935,1009.8180705473671,4.063181823841872,2023-01-21 16:00:00,6.533056929867302,0.14185427169823006,-266.11
27.428983965749175,77.63583197788206,5.204802996624106,1011.4519509803708,5.660031684111104,2023-01-21 17:00:00,8.753223035702678,-1.770969507947875,-269.82
25.373145239845726,47.93025526465368,4.452017673031837,1011.5581852039733,1.6478117381616766,2023-01-21 18:00:00,6.008118172007269,-0.1445342145701196,-269.87
23.85160080710699,84.04353795994642,5.277020458797363,1010.1499448505893,1.0826122261780475,2023-01-21 19:00:00,4.593479399468553,0.527150215229895,-274.6
